b0001;A01;000049M;CHARGEUR DE BATTERIES;eniem;col;1676 RM;p001
b0001;A01;000054F;BALANCE;condor ;col;MP 84;p001
b0001;A01;000055H;CHARGEUR DE BATTERIES;condor ;col;22101RM00001;p001
b0001;A01;000057M;BALANCE;condor ;col;22102RM00001;p001
b0001;A01;000245V;EXTINCTEUR;condor ;col;22102RM00002;p001
b0001;A01;000246X;EXTINCTEUR;condor ;col;22102RM00003;p001
b0001;A01;000252T;EXTINCTEUR;condor ;col;22102RM00004;p001
b0001;A01;000279S;EXTINCTEUR A POUDRE 09KG;condor ;col;MA93106;p001
b0001;A01;000377W;EXTINCTEUR;condor ;col;MA209431;p001
b0001;A01;000378Y;EXTINCTEUR;condor ;col;MA209403;p001
b0001;A01;000379B;EXTINCTEUR;condor ;col;MA209409;p001
b0001;A01;000380L;EXTINCTEUR;condor ;col;MA209405;p001
b0001;A01;000381N;EXTINCTEUR;condor ;col;MA209413;p001
b0001;A01;000382Q;EXTINCTEUR;condor ;col;MA209427;p001
b0001;A01;000393W;EXTINCTEUR;condor ;col;MA209423;p001
b0001;A01;000503A;EXTINCTEUR  CO2 06 KG;condor ;col;MA209424;p001
b0001;A01;000518Q;EXTINCTEUR A POUDRE 10 KGS;condor ;col;M41351;p001
b0001;A01;000519S;EXTINCTEUR A POUDRE 09KG;condor ;col;41490 M;p001
b0001;A01;000679C;EBARBEUSE;condor ;col;41494 M;p001
b0001;A01;000680M;EBARBEUSE;condor ;col;301BE1199GM;p001
b0001;A01;001069N;DISJONCTEUR DE BATTERIES;condor ;col;302BA1199EM;p001
b0001;A01;001072C;EXTINCTEUR;condor ;col;303BA1199EM;p001
b0001;A01;001073E;EXTINCTEUR;condor ;col;0680298MW;p001
b0001;A01;001074G;EXTINCTEUR;condor ;col;MW 020155;p001
b0001;A01;001077N;EXTINCTEUR;condor ;col;MW 020104;p001
b0001;A01;001078Q;EXTINCTEUR;condor ;col;29 - 30 - 37 + MS 06_;p001
b0001;A01;001079S;EXTINCTEUR;condor ;col;TWM03437;p001
b0001;A01;001080C;EXTINCTEUR;condor ;col;TWM03436;p001
b0001;A01;001081E;EXTINCTEUR;condor ;col;MW021371;p001
b0001;A01;001082G;EXTINCTEUR;condor ;col;MW021372;p001
b0001;A01;001083J;EXTINCTEUR;condor ;col;MW021929;p001
b0001;A01;001084L;EXTINCTEUR;condor ;col;MW020576;p001
b0001;A01;001085N;EXTINCTEUR;condor ;col;MW020577;p001
b0001;A01;001086Q;EXTINCTEUR;condor ;col;MK916;p001
b0001;A01;001087S;EXTINCTEUR;condor ;col;ME1814-1;p001
b0001;A01;001270Q;ASPIRATEUR - GS 83;condor ;col;MW026814;p001
b0001;A01;001271S;ASPIRATEUR - GS 83;condor ;col;MW026885;p001
b0001;A01;001287K;ARMOIRE MURALE;condor ;col;170MLCD591;p001
b0001;A01;001291B;ETABLI POUR MARBRE D'AJUSTAGE;condor ;col;122410M4;p001
b0001;A01;001294H;ARMOIRE ETABLI;condor ;col;MAR10010185;p001
b0001;A01;001343S;EXTINCTEUR A POUDRE 10 KG;condor ;col;MA022391;p001
b0001;A01;001347B;EXTINCTEUR A POUDRE 10KG;condor ;col;MA0228392;p001
b0001;A01;002329P;EXTINCTEUR;condor ;col;MA0228393;p001
b0001;A01;002331B;EXTINCTEUR;condor ;col;MA0228394;p001
b0001;A01;002332D;EXTINCTEUR;condor ;col;MA0228395;p001
b0001;A01;002334H;EXTINCTEUR;condor ;col;MA022396;p001
b0001;A01;002335K;EXTINCTEUR;condor ;col;MD 43884 - MD 46548;p001
b0001;A01;002336M;EXTINCTEUR 9KG A POUDRE;condor ;col;170MLID043;p001
b0001;A01;002343K;EXTINCTEUR;condor ;col;203BE-1199EM;p001
b0001;A01;002344M;EXTINCTEUR;condor ;col;202BE-1199EM;p001
b0001;A01;002345P;EXTINCTEUR;condor ;col;201BE-1199EM;p001
b0001;A01;005810L;BUMPER SUB P/R;condor ;col;501 BE 1199 EM;p001
b0001;A01;005811N;BUMPER SUB P/R;condor ;col;502 BE 1199 EM;p001
b0001;A01;005812Q;BUMPER SUB P/R;condor ;col;503 BE 1199 EM;p001
b0001;A01;005813S;BUMPER SUB P/R;condor ;col;802BE1199EM;p001
b0001;A01;005819F;BUMPER SUB P/R;condor ;col;803BE1199EM;p001
b0001;A01;005820Q;BUMPER SUB P/R;condor ;col;0305BEC1199EM;p001
b0001;A01;005821S;BUMPER SUB P/R;condor ;col;0505BES1199EM;p001
b0001;A01;005822U;BUMPER SUB P/R;condor ;col;0605AS1199EM;p001
b0001;A01;005823W;BUMPER SUB P/R;condor ;col;MLU 7681201;p001
b0001;A01;005910U;"CONTROLEUR DE SEQUENCE 4""60V 60HZ";condor ;col;MC0028970;p001
b0001;A01;006099N;AGITATEUR 50 HZ;condor ;col;MC0028972;p001
b0001;A01;006197S;"BOP A RAMS SINGLE 20""3/4-3000";condor ;col;M56983;p001
b0001;A01;006834V;COMPRESSEUR WESTINGHOUSE 8 BRAT 2.7KM;condor ;col;M52012;p001
b0001;A01;006835X;COMPRESSEUR WESTINGHOUSE V.176CM 8 BARS;condor ;col;NAMM006776;p001
b0001;A01;006836A;COMPRESSEUR WESTINGHOUSE 8 BRAT 2.7KM V.176CM3;condor ;col;RM 788;p001
b0001;A01;006837C;COMPRESSEUR WESTINGHOUSE 8 BRAT 2.7KM 176CM3;condor ;col;MW7381201;p001
b0001;A01;006904R;EXTINCTEUR 9KG POUDRE;condor ;col;COMP:3039714;p001
b0001;A01;006997M;EXTINCTEUR 9KG POUDRE;condor ;col;LEMR07534;p001
b0001;A01;007001Y;EXTINCTEUR A POUDRE 9KG;condor ;col;MW2551100;p001
b0001;A01;007002B;EXTINCTEUR A POUDRE;condor ;col;MLCU 265885/9;p001
b0001;A01;007005H;EXTINCTEUR  CO2 09KG;condor ;col;01CG0406EM;p001
b0001;A01;007006K;EXTINCTEUR A POUDRE 10 KGS;condor ;col;0100BES0607EM;p001
b0001;A01;007007M;EXTINCTEUR 9KG POUDRE;condor ;col;0100BEC0607EM;p001
b0001;A01;007047E;EXTINCTEUR;condor ;col;0200BES0607EM;p001
b0001;A01;007050T;EXTINCTEUR A POUDRE 10KGKG;condor ;col;0200BEC0607EM;p001
b0001;A01;007055E;EXTINCTEUR 9KG POUDRE;condor ;col;0300CA0307EM;p001
b0001;A01;007078U;EXTINCTEUR A CO2 02 KG;condor ;col;0400BES0607EM;p001
b0001;A01;007125A;EXTINCTEUR A POUDRE  E/R;condor ;col;0400BEC0607EM;p001
b0001;A01;007126C;EXTINCTEUR 09 KGS SCE-AP-3;condor ;col;0500CA0307EM;p001
b0001;A01;007133A;EXTINCTEUR A POUDRE 9KG;condor ;col;0500CM20307EM;p001
b0001;A01;007141A;EXTINCTEUR A POUDRE;condor ;col;0500CM10307EM;p001
b0001;A01;007142C;EXTINCTEUR;condor ;col;0300RES0607EM;p001
b0001;A01;007190U;EXTINCTEUR A POUDRE 10 KGS;condor ;col;03000EC0607EM;p001
b0001;A01;007208G;EXTINCTEUR A POUDRE;condor ;col;0700BES0607EM;p001
b0001;A01;007209J;EXTINCTEUR A POUDRE 9KG;condor ;col;0700BEC0607EM;p001
b0001;A01;007237S;EXTINCTEUR A POUDRE 10 KGS;condor ;col;97994. mot BV92759;p001
b0001;A01;007258D;EXTINCTEUR A POUDRE 10 KG;condor ;col;MW 002299;p001
b0001;A01;007262U;EXTINCTEUR A POUDRE 09KG;condor ;col;MW 002688;p001
b0001;A01;007267F;EXTINCTEUR A POUDRE 09 KGS;condor ;col;MKD22A-510;p001
b0001;A01;007275F;EXTINCTEUR A POUDRE 09KG;condor ;col;MW002284;p001
b0001;A01;007276H;EXTINCTEUR 09KGS SCE -AP-3;condor ;col;MW002206;p001
b0001;A01;007284H;EXTINCTEUR;condor ;col;MW 002487;p001
b0001;A01;007289T;EXTINCTEUR;condor ;col;MA20-3715051334;p001
b0001;A01;007296R;EXTINCTEUR;condor ;col;MA20-3715051332;p001
b0001;A01;007297T;EXTINCTEUR  E/R;condor ;col;MA20-3715051328;p001
b0001;A01;007298V;EXTINCTEUR;condor ;col;MA20-3715051333;p001
b0001;A01;007299X;EXTINCTEUR A POUDRE 09KG;condor ;col;MA20-3715051342;p001
b0001;A01;007300X;EXTINCTEUR;condor ;col;MA20-3711329;p001
b0001;A01;007305J;EXTINCTEUR A POUDRE 10 KG;condor ;col;MA20-3715051331;p001
